sep=,
PacketCounter,SampleTimeFine,Euler_X,Euler_Y,Euler_Z,dv[1],dv[2],dv[3],Acc_X,Acc_Y,Acc_Z,Gyr_X,Gyr_Y,Gyr_Z,
0, 577348113, -10.61493968963623, -9.709498405456543, -19.294540405273438, 0, 0, 0, 0, 0, 0, 0, 0, 0, 
1, 577364780, -9.739591598510742, -14.209084510803223, -20.39193344116211, 0.06170392036437988, -0.018250465393066406, 0.149472177028656, 3.7965972423553467, -1.046161413192749, 8.934669494628906, 8.184283256530762, -64.01644897460938, -70.30450439453125, 
2, 577381447, -8.460184097290039, -18.272920608520508, -22.40321159362793, 0.028457283973693848, 0.02838742733001709, 0.12945550680160522, 1.756097435951233, 1.7352442741394043, 7.7492876052856445, 2.5285911560058594, -68.83454132080078, -116.38239288330078, 
3, 577398114, -5.650722980499268, -20.620059967041016, -25.916330337524414, 0.06326204538345337, 0.015703976154327393, 0.15308207273483276, 3.8716111183166504, 1.018735408782959, 9.145020484924316, -13.370394706726074, -74.85286712646484, -169.7610626220703, 
4, 577414781, -2.8935413360595703, -22.442676544189453, -29.45989418029785, 0.08633285760879517, -0.08535927534103394, 0.1617184281349182, 5.39665412902832, -5.011295795440674, 9.643173217773438, -10.97835636138916, -67.56756591796875, -164.4322052001953, 
5, 577431448, -2.256850004196167, -24.758037567138672, -31.12852668762207, 0.1126471757888794, -0.19982057809829712, 0.18101650476455688, 7.089353561401367, -11.861153602600098, 10.792120933532715, 15.390714645385742, -95.4779281616211, -103.66799926757812, 
6, 577448115, -4.516269207000732, -26.14869499206543, -30.455015182495117, 0.11720895767211914, 0.03767597675323486, 0.1834084391593933, 7.075649261474609, 2.3287439346313477, 10.962381362915039, 21.96124839782715, -33.76746368408203, -32.3115234375, 
7, 577464782, -5.440562725067139, -27.63178825378418, -30.55443572998047, 0.047389209270477295, -0.010212838649749756, 0.17381858825683594, 2.9086804389953613, -0.6011278033256531, 10.411613464355469, -2.5556881427764893, -40.958412170410156, -37.2084846496582, 
8, 577481449, -6.1411848068237305, -28.734933853149414, -30.35177230834961, 0.06857419013977051, -0.020426571369171143, 0.19247770309448242, 4.2062788009643555, -1.224708914756775, 11.515503883361816, -3.8448398113250732, -53.47526931762695, -12.129892349243164, 
9, 577498116, -6.564454555511475, -29.95201301574707, -30.196491241455078, 0.0660851001739502, -0.05858343839645386, 0.16754966974258423, 4.081496238708496, -3.506859302520752, 10.00915241241455, 0.6046065092086792, -75.44593811035156, -12.352643013000488, 
10, 577514783, -6.817813396453857, -31.0919189453125, -30.174232482910156, 0.10893386602401733, -0.07779693603515625, 0.1383025050163269, 6.643091678619385, -4.6334614753723145, 8.232146263122559, 10.481640815734863, -76.30715942382812, -22.64520263671875, 
11, 577531450, -7.077171802520752, -32.449771881103516, -30.111858367919922, 0.07374638319015503, -0.0225183367729187, 0.18283456563949585, 4.558099269866943, -1.307036280632019, 10.920798301696777, 17.124595642089844, -80.59436798095703, -25.77850341796875, 
12, 577548117, -7.36678409576416, -34.32381820678711, -30.00417137145996, 0.05381596088409424, -0.020932376384735107, 0.21154731512069702, 3.4516563415527344, -1.2292304039001465, 12.637154579162598, 8.172672271728516, -118.45413970947266, -24.185197830200195, 
13, 577564784, -7.5299787521362305, -36.68402099609375, -29.93560028076172, 0.06338566541671753, -0.05554324388504028, 0.18136245012283325, 4.0660271644592285, -3.304375410079956, 10.795880317687988, 7.739459991455078, -157.95236206054688, -28.156362533569336, 
14, 577581451, -7.571861743927002, -39.23467254638672, -30.05755615234375, 0.09046894311904907, -0.05163896083831787, 0.1364709734916687, 5.649721145629883, -3.0562262535095215, 8.054240226745605, 8.126376152038574, -171.81088256835938, -40.51428985595703, 
15, 577598118, -7.527043342590332, -41.6660270690918, -30.291690826416016, 0.1223936676979065, -0.011267423629760742, 0.08172428607940674, 7.460964679718018, -0.6218634843826294, 4.7317280769348145, 8.475722312927246, -160.587646484375, -44.88079071044922, 
16, 577614785, -7.424654006958008, -43.7315559387207, -30.439523696899414, 0.13343781232833862, 0.008559823036193848, 0.058787405490875244, 8.069488525390625, 0.5595574975013733, 3.37381649017334, 11.5855712890625, -130.58535766601562, -34.362979888916016, 
17, 577631452, -7.183280944824219, -45.31052780151367, -30.52538299560547, 0.13927936553955078, -0.020330071449279785, 0.05329018831253052, 8.403901100158691, -1.1827715635299683, 3.086162805557251, 18.577302932739258, -93.97972869873047, -23.377790451049805, 
18, 577648119, -6.661378383636475, -46.32354736328125, -30.875722885131836, 0.14930951595306396, -0.03998595476150513, 0.044414401054382324, 8.988626480102539, -2.353078603744507, 2.6037676334381104, 23.239967346191406, -52.96956253051758, -28.432119369506836, 
19, 577664786, -6.0251030921936035, -46.807533264160156, -31.4220027923584, 0.1466742753982544, -0.00027620792388916016, 0.06427371501922607, 8.808987617492676, 0.03731562942266464, 3.8364171981811523, 21.997547149658203, -15.567445755004883, -32.48335647583008, 
20, 577681453, -5.655123710632324, -47.00864028930664, -31.783811569213867, 0.13348203897476196, 0.04032027721405029, 0.10060447454452515, 7.999039649963379, 2.4542336463928223, 6.034924030303955, 12.199885368347168, 2.653231620788574, -20.90337371826172, 
21, 577698120, -5.742247581481934, -47.2127571105957, -31.799991607666016, 0.12636709213256836, 0.033126235008239746, 0.12475919723510742, 7.580783843994141, 1.9874497652053833, 7.48652982711792, -3.44446063041687, 0.13648369908332825, -3.3227999210357666, 
22, 577714787, -6.226162910461426, -47.5684814453125, -31.52346420288086, 0.11900836229324341, 0.009787976741790771, 0.14936065673828125, 7.157293796539307, 0.5554172992706299, 8.949999809265137, -16.625205993652344, -12.368036270141602, 9.804604530334473, 
23, 577731454, -6.736706733703613, -48.28336715698242, -31.04277992248535, 0.1077226996421814, -0.03781694173812866, 0.1716759204864502, 6.514676094055176, -2.2989747524261475, 10.261295318603516, -9.96785831451416, -37.91426467895508, 15.997925758361816, 
24, 577748121, -7.067121505737305, -49.68244934082031, -30.40532112121582, 0.0852392315864563, -0.08339518308639526, 0.21441715955734253, 5.258826732635498, -4.998046875, 12.808838844299316, 9.078197479248047, -83.29060363769531, 15.180872917175293, 
25, 577764788, -7.221529006958008, -52.340049743652344, -29.563371658325195, 0.031120002269744873, -0.15809428691864014, 0.30244511365890503, 2.2887120246887207, -9.404365539550781, 18.141977310180664, 31.753341674804688, -164.54873657226562, 9.257047653198242, 
26, 577781455, -5.1695122718811035, -57.4144401550293, -30.547645568847656, -0.09448122978210449, -0.2995121479034424, 0.42012423276901245, -4.330074310302734, -17.734804153442383, 25.648935317993164, 79.14584350585938, -310.56658935546875, -74.19416809082031, 
27, 577798122, 4.405879974365234, -66.59439849853516, -39.00886154174805, -0.22628599405288696, -0.4120213985443115, 0.5981549620628357, -9.605438232421875, -24.47784423828125, 37.39042663574219, 133.1366729736328, -574.1365966796875, -259.18798828125, 
28, 577814789, 40.759796142578125, -75.69461059570312, -75.27433013916016, 0.33072835206985474, -0.5680834650993347, 0.5987841486930847, 26.208887100219727, -31.948972702026367, 33.98335647583008, 122.30902099609375, -792.832275390625, -470.6243591308594, 
29, 577831456, 88.48599243164062, -73.52104187011719, -130.83897399902344, 1.0586012601852417, -0.25673985481262207, 0.3301240801811218, 66.51712036132812, -11.366579055786133, 11.821939468383789, -349.3897705078125, -772.8516845703125, -522.1427612304688, 
30, 577848123, 114.50991821289062, -66.1777572631836, -159.8219451904297, 1.1765048503875732, -0.9892098307609558, -0.336536705493927, 71.3212661743164, -55.34669876098633, -28.098068237304688, -68.76526641845703, -709.9349975585938, -365.9679260253906, 
31, 577864790, 139.1648712158203, -66.81568908691406, 179.83322143554688, 1.3377896547317505, -0.5747673511505127, 0.346213161945343, 80.26114654541016, -36.125179290771484, 17.89162254333496, 343.9850769042969, -396.7075500488281, 225.2671661376953, 
32, 577881457, 161.9016876220703, -63.63611602783203, 160.8120880126953, 0.564190685749054, 0.3762803077697754, 0.8141228556632996, 37.71580123901367, 23.524593353271484, 45.54735565185547, 295.1730651855469, -452.6863708496094, 215.70079040527344, 
33, 577898124, 163.44776916503906, -56.73274230957031, 157.29544067382812, 0.6565280556678772, 0.35563981533050537, 0.9524237513542175, 43.177978515625, 20.963069915771484, 54.550025939941406, -123.02531433105469, -502.65576171875, -106.95479583740234, 
34, 577914791, 158.9691619873047, -54.1264762878418, 160.3766632080078, 0.6175698041915894, -0.18072813749313354, 0.8810136914253235, 39.01103210449219, -10.704143524169922, 51.47983932495117, -141.02688598632812, -211.16867065429688, -221.3826904296875, 
35, 577931458, 156.8905792236328, -54.161685943603516, 165.80767822265625, 0.2458004355430603, -0.15271174907684326, 0.843286395072937, 15.08183765411377, -7.727723121643066, 50.744178771972656, 128.55990600585938, -6.664613246917725, -225.60743713378906, 
36, 577948125, 155.60841369628906, -55.36909484863281, 171.7854461669922, 0.041024982929229736, -0.007072925567626953, 0.7757842540740967, 1.7199134826660156, 1.095231533050537, 46.57872009277344, 215.84495544433594, 109.16908264160156, -179.07090759277344, 
37, 577964792, 153.22454833984375, -58.64636993408203, 178.8905487060547, -0.10286211967468262, -0.03531956672668457, 0.626892626285553, -7.556538105010986, -1.0591896772384644, 37.41798782348633, 216.96218872070312, 259.6227722167969, -129.83453369140625, 
38, 577981459, 147.43128967285156, -64.41557312011719, -170.12503051757812, -0.2508452534675598, -0.10691410303115845, 0.41800516843795776, -16.57093620300293, -5.802429676055908, 24.279739379882812, 234.4689483642578, 446.9674987792969, -103.54338836669922, 
39, 577998126, 131.21742248535156, -71.6152114868164, -149.1949920654297, -0.3336177468299866, -0.13462644815444946, 0.26679712533950806, -21.329519271850586, -7.869007110595703, 14.3790283203125, 196.38394165039062, 623.7191162109375, -78.49579620361328, 
40, 578014793, 90.81061553955078, -76.11321258544922, -106.41362762451172, -0.34679973125457764, -0.231916606426239, 0.24482154846191406, -22.279809951782227, -13.857244491577148, 12.500043869018555, 52.40436553955078, 739.9072875976562, -15.818489074707031, 
41, 578031460, 43.7695426940918, -71.3448486328125, -59.16181564331055, -0.2052188515663147, -0.39307600259780884, 0.2565826177597046, -14.257740020751953, -23.66343879699707, 13.562976837158203, -85.86892700195312, 813.6943969726562, 55.92385482788086, 
42, 578048127, 19.102373123168945, -59.54163360595703, -35.615169525146484, 0.017361342906951904, -0.35490620136260986, 0.08210170269012451, -0.003961920738220215, -21.435068130493164, 4.446231842041016, -183.36412048339844, 895.8662109375, 136.10862731933594, 
43, 578064794, 4.955945014953613, -46.51338195800781, -25.093196868896484, -0.027508556842803955, -0.0384175181388855, -0.17320120334625244, -0.43207085132598877, -1.751145362854004, -10.64870548248291, -337.9178161621094, 840.1433715820312, 208.68836975097656, 
44, 578081461, -6.192311763763428, -35.423912048339844, -20.049287796020508, 0.33317309617996216, 0.09515184164047241, -0.5247982144355774, 23.15999412536621, 7.074395179748535, -29.037677764892578, -467.113037109375, 662.0927124023438, 235.4405517578125, 
45, 578098128, -15.519813537597656, -26.452835083007812, -17.54242706298828, 0.6629940867424011, 0.3962847590446472, -0.7288103103637695, 43.68315124511719, 25.362194061279297, -39.0089225769043, -480.429931640625, 504.5292053222656, 227.97434997558594, 
46, 578114795, -24.817649841308594, -21.5022029876709, -15.147011756896973, 1.3864641189575195, 0.5175356864929199, -0.4859692454338074, 85.13591766357422, 30.28675079345703, -24.062650680541992, -498.6802062988281, 234.2976531982422, 226.00559997558594, 
47, 578131462, -29.7397403717041, -18.820344924926758, -15.412277221679688, 1.4867665767669678, 0.46433478593826294, -0.40988022089004517, 89.97137451171875, 28.090991973876953, -21.400634765625, -300.6361389160156, 151.34329223632812, 61.28575134277344, 
48, 578148129, -32.39518356323242, -20.688507080078125, -20.650325775146484, 1.4438183307647705, 0.6452621221542358, -0.258527934551239, 84.94096374511719, 43.16496658325195, -13.22369384765625, -265.5669860839844, 58.64168167114258, -309.8391418457031, 
49, 578164796, -32.054954528808594, -24.716737747192383, -27.00728416442871, 0.9783364534378052, 0.5667079091072083, -0.30671215057373047, 56.47903060913086, 37.92086410522461, -17.869766235351562, -127.53120422363281, -14.541179656982422, -424.5804748535156, 
50, 578181463, -27.703304290771484, -26.434581756591797, -29.2615966796875, 1.8050669431686401, -0.36994099617004395, -0.07876473665237427, 108.7680435180664, -19.881452560424805, -4.516984462738037, 201.80825805664062, -26.630374908447266, -155.36570739746094, 
51, 578198130, -24.166894912719727, -22.78090476989746, -31.436885833740234, -0.6030170917510986, 0.108981192111969, 0.5157183408737183, -37.304298400878906, 7.186635971069336, 29.449153900146484, 157.4486541748047, 251.71908569335938, -9.297650337219238, 
52, 578214797, -21.04342269897461, -21.828922271728516, -33.318660736083984, 0.12074345350265503, 0.008852899074554443, 0.5050846338272095, 6.822311878204346, 1.2434049844741821, 30.385297775268555, 144.13987731933594, 93.81327056884766, -73.85147857666016, 
53, 578231464, -19.61358070373535, -22.246780395507812, -34.013797760009766, 0.0330047607421875, 0.1682606339454651, 0.29582011699676514, 1.9392603635787964, 10.288018226623535, 17.64295196533203, 69.7857437133789, -9.702277183532715, -44.65098190307617, 
54, 578248131, -19.586164474487305, -23.615257263183594, -33.46397399902344, 0.05506718158721924, 0.1224215030670166, 0.24471819400787354, 3.492006540298462, 7.374721050262451, 14.62479019165039, 14.155025482177734, -87.53146362304688, 1.2554477453231812, 
55, 578264798, -19.76750373840332, -25.83979034423828, -32.64739990234375, 0.030828416347503662, -0.03922480344772339, 0.2695850133895874, 2.181809425354004, -2.3306338787078857, 16.13780403137207, 9.34522533416748, -140.85919189453125, -2.9386489391326904, 
56, 578281465, -20.060440063476562, -29.641801834106445, -31.17247772216797, -0.03420364856719971, -0.1368982195854187, 0.3167570233345032, -1.3785061836242676, -8.149626731872559, 19.097309112548828, 23.539186477661133, -241.5339813232422, -4.060340404510498, 
57, 578298132, -20.05669403076172, -35.73270034790039, -29.350290298461914, -0.1502295732498169, -0.2576807737350464, 0.3929485082626343, -7.627316474914551, -15.303635597229004, 24.17671775817871, 59.3919792175293, -375.4373779296875, -39.02635192871094, 
58, 578314799, -17.21439552307129, -46.425533294677734, -29.292360305786133, -0.34581631422042847, -0.545116662979126, 0.5679082274436951, -16.68497085571289, -32.40174865722656, 36.6151008605957, 172.61245727539062, -609.761474609375, -202.92576599121094, 
59, 578331466, -3.4663784503936768, -62.798099517822266, -37.38103485107422, 0.29492998123168945, -1.0643742084503174, 0.7345597743988037, 27.76903533935547, -59.72980880737305, 45.11074447631836, 422.3657531738281, -915.7200317382812, -454.2728576660156, 
60, 578348133, 36.670467376708984, -78.1551742553711, -76.08121490478516, 1.2914868593215942, -0.6830102801322937, 0.4495099186897278, 83.82360076904297, -34.6892204284668, 15.800736427307129, 191.01004028320312, -1054.9462890625, -485.7946472167969, 
61, 578364800, 133.791748046875, -80.21896362304688, -169.85537719726562, 2.011768341064453, -0.5510485768318176, 0.2516995668411255, 122.05897521972656, -32.75841522216797, -0.4227924346923828, 260.61090087890625, -949.881103515625, 4.160009384155273, 
62, 578381467, -177.3792724609375, -75.86954498291016, 144.1290283203125, 1.3162133693695068, -0.2811949849128723, 1.0434730052947998, 81.70252990722656, -19.865266799926758, 58.1626091003418, 220.3997802734375, -431.4674987792969, 426.08551025390625, 
63, 578398134, -179.68048095703125, -66.03360748291016, 145.95237731933594, 0.20652765035629272, 0.3741270899772644, 1.2659752368927002, 18.84351348876953, 22.11697006225586, 74.81316375732422, -34.39252471923828, -593.2036743164062, -22.7518253326416, 
64, 578414801, 164.51329040527344, -57.07655334472656, 156.91680908203125, 0.8445501923561096, 0.038705646991729736, 1.3397880792617798, 56.24698257446289, 1.023664951324463, 76.7173843383789, -366.68353271484375, -492.7294616699219, -382.8410339355469, 
65, 578431468, 154.0797882080078, -53.94510269165039, 165.5960235595703, 0.46405279636383057, -0.5459019541740417, 1.0901052951812744, 30.20185089111328, -33.171443939208984, 64.15415954589844, -195.58375549316406, -75.57117462158203, -343.63623046875, 
66, 578448135, 150.98350524902344, -52.87018585205078, 172.7915802001953, -0.02701401710510254, -0.3209320306777954, 0.9577163457870483, -1.3834222555160522, -17.957754135131836, 57.89224624633789, 161.81675720214844, 56.63388442993164, -260.0088806152344, 
67, 578464802, 150.0016632080078, -53.93653106689453, 178.44725036621094, -0.09008300304412842, -0.039446115493774414, 0.804114580154419, -6.419058799743652, -0.982636570930481, 48.179832458496094, 214.70828247070312, 150.3436279296875, -146.25706481933594, 
68, 578481469, 147.638427734375, -59.503726959228516, -174.0545654296875, -0.3399733901023865, -0.18640154600143433, 0.45090222358703613, -21.925508499145508, -10.385074615478516, 26.18622398376465, 236.07672119140625, 408.3667297363281, -39.67012405395508, 
69, 578498136, 137.1766815185547, -68.31017303466797, -158.28305053710938, -0.4712100625038147, -0.09108477830886841, 0.22400617599487305, -29.480554580688477, -5.094111919403076, 10.841734886169434, 226.3275604248047, 664.4509887695312, -10.42890453338623, 
70, 578514803, 101.80180358886719, -75.15514373779297, -120.2396469116211, -0.4634661078453064, -0.20208477973937988, 0.21323925256729126, -29.161161422729492, -12.06098747253418, 9.598590850830078, 57.361610412597656, 800.869140625, -8.296923637390137, 
71, 578531470, 51.93297576904297, -71.91486358642578, -70.56521606445312, -0.25060099363327026, -0.36780983209609985, 0.3634788990020752, -17.644229888916016, -22.39519691467285, 19.49138069152832, -117.25614166259766, 836.390380859375, 13.949502944946289, 
72, 578548137, 24.174190521240234, -60.66465377807617, -43.691558837890625, 0.17487502098083496, -0.4730052351951599, 0.3346693515777588, 7.3765435218811035, -29.03864860534668, 20.603801727294922, -175.78756713867188, 912.0397338867188, 101.5826644897461, 
73, 578564804, 9.326187133789062, -46.59220504760742, -30.292985916137695, 0.10124194622039795, -0.1380544900894165, 0.05753272771835327, 5.31718635559082, -8.588814735412598, 3.96142315864563, -234.80792236328125, 938.4629516601562, 214.11680603027344, 
74, 578581471, -0.9582712054252625, -33.178897857666016, -23.101219177246094, 0.1963605284690857, -0.014278769493103027, -0.361561119556427, 14.298744201660156, -0.32034456729888916, -20.211864471435547, -335.1475830078125, 823.427734375, 271.38739013671875, 
75, 578598138, -7.9427170753479, -20.34793472290039, -19.99416732788086, 0.5090072751045227, 0.13795596361160278, -0.7495468258857727, 35.61253356933594, 9.331294059753418, -41.01850509643555, -331.9920349121094, 753.0376586914062, 225.20338439941406, 
76, 578614805, -16.297060012817383, -11.699676513671875, -19.214807510375977, 0.8825370669364929, 0.5285105109214783, -0.6337795257568359, 56.27296447753906, 33.05659103393555, -31.828372955322266, -486.4381408691406, 497.92718505859375, 152.5325164794922, 
77, 578631472, -25.372642517089844, -7.8486552238464355, -16.47386360168457, 1.7358067035675049, 0.3354484438896179, -0.29329270124435425, 105.18367004394531, 17.790998458862305, -13.720832824707031, -515.90771484375, 159.32290649414062, 234.05184936523438, 
78, 578648139, -29.500349044799805, -5.6479973793029785, -14.106525421142578, 1.794996738433838, 0.40461254119873047, -0.19144928455352783, 108.42373657226562, 21.69932746887207, -9.838568687438965, -230.57432556152344, 54.93684387207031, 187.4712371826172, 
79, 578664806, -34.20231246948242, -7.87776517868042, -17.403770446777344, 1.6479082107543945, 0.747610330581665, -0.07943928241729736, 97.29608154296875, 48.398807525634766, -2.8027970790863037, -305.3055114746094, -5.6973748207092285, -234.8433837890625, 
80, 578681473, -36.37738800048828, -13.250948905944824, -23.615253448486328, 1.1621570587158203, 0.42422765493392944, -0.2314298152923584, 67.73018646240234, 30.691570281982422, -13.558666229248047, -199.96701049804688, -46.23544692993164, -481.2763977050781, 
81, 578698140, -30.389591217041016, -14.540508270263672, -29.81336212158203, 1.8382741212844849, -1.0720794200897217, -0.2527849078178406, 113.66849517822266, -59.34362030029297, -10.469144821166992, 267.4212341308594, 139.33702087402344, -339.79168701171875, 
82, 578714807, -22.747228622436523, -8.026368141174316, -33.72805404663086, -1.0591630935668945, 0.6083930730819702, 0.744054913520813, -66.54021453857422, 38.78034973144531, 38.0960807800293, 410.4211120605469, 459.75341796875, -27.61347770690918, 
83, 578731474, -18.361845016479492, -7.0278191566467285, -34.552730560302734, 0.09819990396499634, 0.4262736439704895, 0.7239980101585388, 5.316126823425293, 27.189878463745117, 42.53807830810547, 254.1511993408203, 77.84009552001953, -22.971364974975586, 
84, 578748141, -17.778228759765625, -7.625759601593018, -34.13534164428711, -0.056739747524261475, 0.25504857301712036, 0.3717781901359558, -3.2499027252197266, 15.423800468444824, 22.246042251586914, 35.269290924072266, -37.95567321777344, 14.055245399475098, 
85, 578764808, -17.57882308959961, -10.409673690795898, -33.45661926269531, -0.030610382556915283, -0.07276564836502075, 0.32317841053009033, -1.354696273803711, -4.324835300445557, 19.441129684448242, 15.478865623474121, -168.24270629882812, -10.98932933807373, 
86, 578781475, -17.158985137939453, -15.814896583557129, -32.25399398803711, -0.13080322742462158, -0.05948418378829956, 0.41187673807144165, -6.648249626159668, -3.4580631256103516, 25.08767318725586, 39.210914611816406, -327.9972229003906, -28.39554786682129, 
87, 578798142, -17.570314407348633, -24.37557601928711, -29.7563419342041, -0.3409857153892517, -0.17561906576156616, 0.46709054708480835, -18.228370666503906, -10.483217239379883, 29.585147857666016, 25.04024887084961, -530.39111328125, -17.533878326416016, 
88, 578814809, -15.691452980041504, -38.586219787597656, -28.395740509033203, -0.624584972858429, -0.6386390924453735, 0.5637961626052856, -32.1581916809082, -38.43693161010742, 39.03565979003906, 153.62313842773438, -836.1837768554688, -175.9579315185547, 
89, 578831476, -3.992371082305908, -59.018333435058594, -33.724449157714844, 0.3637155294418335, -0.863311231136322, 0.7982634902000427, 33.0255012512207, -47.09967041015625, 46.838016510009766, 452.0949401855469, -1172.05615234375, -417.7207336425781, 
90, 578848143, 27.373640060424805, -79.0583724975586, -63.940555572509766, 1.2416232824325562, -0.5010188817977905, 0.5510601997375488, 81.4325180053711, -24.955951690673828, 19.467985153198242, 157.18862915039062, -1269.9010009765625, -396.6139221191406, 
91, 578864810, 141.41195678710938, -80.1512680053711, -176.0578155517578, 2.2285454273223877, -0.364490270614624, 0.7561951279640198, 139.74427795410156, -19.631160736083984, 25.44975471496582, 167.1608428955078, -1032.583251953125, -65.36051177978516, 
92, 578881477, 172.77743530273438, -74.49017333984375, 156.02566528320312, 1.358177661895752, -0.5112173557281494, 1.248754620552063, 85.35546875, -30.538434982299805, 70.62464141845703, 244.10179138183594, -447.14581298828125, 205.595458984375, 
93, 578898144, 171.35641479492188, -65.04259490966797, 158.87899780273438, 0.2989345192909241, 0.19634932279586792, 1.3550851345062256, 24.23273468017578, 13.075026512145996, 79.54475402832031, 75.60587310791016, -557.0074462890625, -139.21482849121094, 
94, 578914811, 157.77781677246094, -55.226104736328125, 168.13311767578125, 0.7454362511634827, 0.005755603313446045, 1.3176050186157227, 50.37893295288086, -0.5126385688781738, 75.6739501953125, -329.8511047363281, -498.4961242675781, -425.09844970703125, 
95, 578931478, 148.21810913085938, -50.72050857543945, 175.51393127441406, 0.5569242238998413, -0.6868388056755066, 1.1073319911956787, 36.81218338012695, -41.47234344482422, 64.48957061767578, -218.04112243652344, -127.06275177001953, -362.9383239746094, 
96, 578948145, 146.7806396484375, -49.686180114746094, -178.66183471679688, 0.10062193870544434, -0.4901829957962036, 0.9526604413986206, 6.491856575012207, -27.668907165527344, 57.983665466308594, 184.10516357421875, 58.90547180175781, -225.75401306152344, 
97, 578964812, 147.02308654785156, -51.21200942993164, -174.1144561767578, -0.14801400899887085, -0.08489060401916504, 0.8234667181968689, -9.976792335510254, -3.593867778778076, 49.34126663208008, 227.27066040039062, 161.791015625, -99.12700653076172, 
98, 578981479, 144.4796905517578, -56.0610237121582, -167.5926055908203, -0.46529698371887207, -0.22197288274765015, 0.4665815234184265, -29.30743408203125, -12.779862403869629, 26.82121467590332, 165.73699951171875, 360.8161926269531, -30.85345458984375, 
99, 578998146, 134.12789916992188, -63.28192138671875, -153.11256408691406, -0.6906083822250366, -0.14192605018615723, 0.26599186658859253, -42.66670227050781, -8.552091598510742, 12.45545768737793, 134.07931518554688, 602.4747314453125, -53.41835403442383, 
100, 579014813, 105.33755493164062, -68.59354400634766, -123.11290740966797, -0.4617922902107239, -0.25033289194107056, 0.31915855407714844, -29.537593841552734, -15.59615707397461, 15.787578582763672, -72.44095611572266, 776.0922241210938, -93.64510345458984, 
101, 579031480, 65.98239135742188, -67.63066864013672, -84.20953369140625, -0.13053357601165771, -0.37435394525527954, 0.5091269016265869, -11.575157165527344, -23.233150482177734, 28.827836990356445, -179.80001831054688, 849.7041015625, 9.751501083374023, 
102, 579048147, 35.397586822509766, -59.239681243896484, -55.049476623535156, 0.32818007469177246, -0.375487744808197, 0.5492414236068726, 14.910560607910156, -24.069366455078125, 34.478294372558594, -254.60809326171875, 902.0595092773438, 113.2723617553711, 
103, 579064814, 17.448144912719727, -46.222476959228516, -39.19682312011719, 0.26836830377578735, -0.08316439390182495, 0.20448249578475952, 14.199522018432617, -5.951882362365723, 14.154136657714844, -307.8423767089844, 941.7266845703125, 169.96592712402344, 
104, 579081481, 5.250730514526367, -34.01862716674805, -30.371177673339844, 0.09613865613937378, -0.03462183475494385, -0.27577608823776245, 7.577030181884766, -1.3995790481567383, -15.917677879333496, -383.11212158203125, 788.3713989257812, 252.501953125, 
105, 579098148, -2.580718517303467, -22.534481048583984, -25.102378845214844, 0.409004807472229, 0.20742648839950562, -0.5991373062133789, 28.518136978149414, 13.063897132873535, -32.77398681640625, -315.34490966796875, 688.0604248046875, 261.20538330078125, 
106, 579114815, -11.945847511291504, -12.2691068649292, -21.822717666625977, 0.7815336585044861, 0.6504545211791992, -0.636955738067627, 51.44197463989258, 39.782493591308594, -31.252429962158203, -499.34033203125, 582.4310913085938, 263.0792236328125, 
107, 579131482, -22.38564109802246, -6.028808116912842, -17.988597869873047, 1.3566415309906006, 0.49007731676101685, -0.4442923069000244, 83.8042984008789, 27.60538673400879, -20.73943328857422, -588.2088623046875, 288.2144775390625, 326.9032287597656, 
108, 579148149, -28.62672233581543, -2.852322578430176, -13.779820442199707, 1.8863941431045532, 0.3756275773048401, -0.3339237570762634, 114.31460571289062, 18.417861938476562, -17.886619567871094, -354.4858703613281, 63.93812561035156, 309.57684326171875, 
109, 579164816, -32.27423858642578, -2.587702989578247, -14.043170928955078, 1.8090448379516602, 0.7005990743637085, -0.18708759546279907, 108.56075286865234, 42.4249153137207, -9.474100112915039, -219.5176544189453, 25.6187686920166, -3.1668388843536377, 
110, 579181483, -37.89399337768555, -6.2083635330200195, -19.082012176513672, 1.7010118961334229, 0.5143507719039917, -0.3572837710380554, 100.30265808105469, 37.372371673583984, -19.666357040405273, -361.3486633300781, 2.2460460662841797, -366.7078857421875, 
111, 579198150, -38.94733428955078, -12.039290428161621, -22.533096313476562, 1.0545566082000732, 0.28161394596099854, -0.30738258361816406, 61.91870880126953, 20.548208236694336, -19.447965621948242, -98.67060089111328, -138.4390106201172, -370.0065002441406, 
112, 579214817, -30.55807113647461, -7.48944616317749, -29.090042114257812, 1.9186439514160156, -0.8788185715675354, -0.10313045978546143, 116.45926666259766, -50.27455139160156, 4.7393574714660645, 431.9313049316406, 455.4355163574219, -155.3448944091797, 
113, 579231484, -21.596006393432617, -2.7324001789093018, -35.26710510253906, -1.5467609167099, -0.3290836215019226, 0.6007031202316284, -94.3143539428711, -20.0130558013916, 31.818248748779297, 504.3005676269531, 418.0423889160156, -206.94715881347656, 
114, 579248151, -16.848318099975586, -1.0111762285232544, -36.018131256103516, 0.12926393747329712, 0.9147074222564697, 0.7239158749580383, 6.9909515380859375, 56.6547737121582, 41.26511001586914, 283.83343505859375, 111.3927230834961, -8.995031356811523, 
115, 579264818, -16.9577693939209, -1.4071961641311646, -35.099395751953125, -0.17256635427474976, 0.36225980520248413, 0.4239314794540405, -10.063311576843262, 21.78363037109375, 25.51097869873047, -5.18052864074707, -39.684364318847656, 45.34972381591797, 
116, 579281485, -16.80502700805664, -5.728675365447998, -33.85646057128906, -0.10968846082687378, -0.27546316385269165, 0.4139038324356079, -5.5887451171875, -16.481260299682617, 25.113187789916992, 13.871698379516602, -270.7015075683594, -4.509348392486572, 
117, 579298152, -15.613216400146484, -14.019676208496094, -32.136863708496094, -0.31767112016677856, -0.1440831422805786, 0.49368464946746826, -16.78610610961914, -8.364709854125977, 31.082258224487305, 89.21976470947266, -507.09576416015625, -41.61045455932617, 
118, 579314819, -14.433658599853516, -26.843955993652344, -30.273509979248047, -0.6482961177825928, -0.3845662474632263, 0.4778175354003906, -35.17149353027344, -23.130830764770508, 33.26971435546875, 109.7350082397461, -771.5983276367188, -98.46135711669922, 
119, 579331486, -4.664559364318848, -46.19619369506836, -35.17164993286133, -0.228285551071167, -0.9062739610671997, 0.6773993968963623, -3.5127692222595215, -52.52040100097656, 45.48724365234375, 404.9285888671875, -1107.3253173828125, -427.2807312011719, 
120, 579348153, 14.953155517578125, -63.816253662109375, -52.522193908691406, 1.7393882274627686, -0.40685176849365234, 1.236917495727539, 116.90289306640625, -13.339917182922363, 57.74739074707031, 309.70025634765625, -1098.4012451171875, -502.6006774902344, 
121, 579364820, 40.75751495361328, -71.305419921875, -77.95219421386719, 1.8778917789459229, -0.32992810010910034, 0.9027258157730103, 118.33457946777344, -13.686675071716309, 43.48601150512695, 132.1410675048828, -660.423095703125, -307.7719421386719, 
122, 579381487, 57.07451629638672, -76.8365707397461, -92.67398834228516, 0.9524965286254883, -0.5641573071479797, 1.255354404449463, 61.05900573730469, -33.195308685302734, 72.54280090332031, 129.09771728515625, -400.7751159667969, 87.4794921875, 
123, 579398154, 116.86526489257812, -77.07295227050781, -148.2959442138672, 0.45883071422576904, -0.2861608862876892, 1.3908967971801758, 36.36563491821289, -13.149659156799316, 80.96328735351562, 323.5618591308594, -728.7864990234375, -28.27201271057129, 
124, 579414821, 134.31614685058594, -69.17606353759766, -165.00360107421875, 0.6378929018974304, -0.0511622428894043, 1.6461601257324219, 45.66109848022461, -0.5720447301864624, 95.74626922607422, 85.86544036865234, -514.2926635742188, -215.1715850830078, 
125, 579431488, 128.91957092285156, -62.062889099121094, -160.60067749023438, 0.22932970523834229, -0.30651479959487915, 1.3456732034683228, 17.268980026245117, -18.478137969970703, 80.0680160522461, -80.63675689697266, -209.27174377441406, -394.5577392578125, 
126, 579448155, 123.26818084716797, -55.4983024597168, -153.8573760986328, -0.00312650203704834, -0.46705424785614014, 1.086639165878296, 2.302639961242676, -27.877241134643555, 65.23493194580078, 10.942124366760254, -71.3855209350586, -445.33740234375, 
127, 579464822, 120.1664047241211, -52.441524505615234, -147.35403442382812, -0.13922488689422607, -0.47332763671875, 0.8524438738822937, -7.862697124481201, -27.730308532714844, 51.59132385253906, 134.46751403808594, 88.5428695678711, -280.88165283203125, 
128, 579481489, 118.06822204589844, -54.00301742553711, -140.5873565673828, -0.4483996629714966, -0.4199562072753906, 0.4634242057800293, -27.74976348876953, -24.529268264770508, 27.57644271850586, 205.3679656982422, 246.4270477294922, -40.67415237426758, 
129, 579498156, 112.43901824951172, -58.63724136352539, -131.42408752441406, -0.7602518796920776, -0.30201059579849243, 0.11822956800460815, -46.27204513549805, -17.219533920288086, 4.874585151672363, 126.64846801757812, 381.97674560546875, 117.50408935546875, 
130, 579514823, 95.42558288574219, -62.61476135253906, -113.83692932128906, -0.6723904013633728, -0.34803104400634766, 0.0336911678314209, -40.71980285644531, -20.288251876831055, -1.4736313819885254, -92.63021850585938, 546.0060424804688, 102.66650390625, 
131, 579531490, 68.51028442382812, -63.89691925048828, -86.29177856445312, -0.32394343614578247, -0.5228474736213684, 0.18355602025985718, -21.282058715820312, -31.044269561767578, 8.365715026855469, -126.93656921386719, 708.69921875, 175.75869750976562, 
132, 579548157, 42.15449142456055, -60.086849212646484, -59.124629974365234, -0.06031149625778198, -0.2964034676551819, 0.5034742951393127, -7.488469123840332, -18.170982360839844, 29.341285705566406, -129.47879028320312, 739.6137084960938, 247.80435180664062, 
133, 579564824, 26.1707763671875, -51.25641632080078, -43.53804016113281, 0.2262117862701416, -0.22080177068710327, 0.6417716145515442, 9.24018669128418, -14.493680953979492, 39.420867919921875, -176.7859649658203, 717.3084716796875, 139.58692932128906, 
134, 579581491, 16.657840728759766, -39.77528762817383, -37.522216796875, 0.25285041332244873, 0.04385995864868164, 0.38959836959838867, 12.661431312561035, 1.606040358543396, 24.978092193603516, -304.628173828125, 718.9140014648438, -16.94127655029297, 
135, 579598158, 7.416243553161621, -28.945661544799805, -34.61467361450195, 0.12800318002700806, -0.03376680612564087, -0.21342742443084717, 8.873453140258789, -1.209141492843628, -12.153403282165527, -447.79791259765625, 651.3610229492188, 3.6197116374969482, 
136, 579614825, 0.4508594572544098, -19.679203033447266, -30.97726058959961, 0.18547660112380981, 0.06870174407958984, -0.6351759433746338, 14.279521942138672, 5.602499961853027, -36.91096115112305, -320.7258605957031, 554.571533203125, 158.17221069335938, 
137, 579631492, -7.905788898468018, -12.600253105163574, -26.202369689941406, 0.5345157980918884, 0.6162636280059814, -0.6498499512672424, 35.84904098510742, 37.79555892944336, -34.828243255615234, -415.4969787597656, 393.3573913574219, 299.6908874511719, 
138, 579648159, -16.195125579833984, -6.9802021980285645, -20.746532440185547, 1.3296959400177002, 0.6362980604171753, -0.40427106618881226, 82.67619323730469, 35.107112884521484, -18.927738189697266, -437.69976806640625, 251.8457489013672, 383.0225524902344, 
139, 579664826, -21.040220260620117, -2.5320680141448975, -17.924034118652344, 1.611689805984497, 0.778760552406311, -0.39237838983535767, 98.93663787841797, 44.16367721557617, -18.97726058959961, -274.876220703125, 192.56430053710938, 242.74166870117188, 
140, 579681493, -26.58176612854004, -2.67073130607605, -20.6522274017334, 1.749154806137085, 0.9360202550888062, -0.345051109790802, 103.82582092285156, 59.46353530883789, -17.0106258392334, -339.7588806152344, 56.61769485473633, -153.85350036621094, 
141, 579698160, -32.532649993896484, -6.286684989929199, -25.56574821472168, 1.6686439514160156, 0.5596427917480469, -0.5759748220443726, 98.02384948730469, 40.69651794433594, -33.15409469604492, -381.938232421875, -41.099552154541016, -361.005615234375, 
142, 579714827, -29.989015579223633, -9.146842002868652, -39.045467376708984, 1.921438217163086, 0.07449793815612793, -0.025642335414886475, 114.30316162109375, 17.349063873291016, 3.032320737838745, 38.66510772705078, 275.8883972167969, -769.076904296875, 
143, 579731494, -11.907389640808105, -19.34945297241211, -72.67415618896484, 0.477280855178833, 0.7180770635604858, 0.5515670776367188, 14.02033519744873, 52.858314514160156, 29.80633544921875, 556.14404296875, 143.2067108154297, -2047.0750732421875, 
144, 579748161, 26.962472915649414, -33.58469009399414, -111.50965118408203, -0.47475260496139526, 0.19124072790145874, 0.9305174350738525, -22.93807029724121, 13.807060241699219, 57.939109802246094, 1208.16357421875, -1091.0849609375, -1970.32470703125, 
145, 579764828, 39.84325408935547, -25.036226272583008, -139.5404510498047, 0.0019178986549377441, 0.13679945468902588, 0.2208871841430664, -0.9393406510353088, 8.03067398071289, 13.342933654785156, -64.33668518066406, -385.08544921875, -1512.21630859375, 
146, 579781495, 49.40434265136719, -1.361733317375183, -146.4676055908203, 0.11429095268249512, 0.20197021961212158, 0.4098350405693054, 1.8264169692993164, 14.771724700927734, 24.245615005493164, 469.5793762207031, 723.9384155273438, -1282.7281494140625, 
147, 579798162, 58.36518478393555, 13.273358345031738, -154.06430053710938, 0.10133540630340576, 0.17948907613754272, 0.37372374534606934, 3.9458229541778564, 13.40960693359375, 21.551082611083984, 581.7899169921875, 149.1094207763672, -972.5078125, 
148, 579814829, 61.6593132019043, 37.097713470458984, -149.03463745117188, 0.24758702516555786, 0.3413005471229553, 0.6323938369750977, 6.096424102783203, 22.849390029907227, 39.35255432128906, 77.38826751708984, 945.39404296875, -1109.7916259765625, 
149, 579831496, 71.48161315917969, 50.927337646484375, -150.2674102783203, -0.06341958045959473, 0.11168485879898071, 0.13116496801376343, -4.932471752166748, 6.991182804107666, 6.987246990203857, 730.87158203125, 258.4560546875, -848.67919921875, 
150, 579848163, 62.8671989440918, 63.37255096435547, -159.97628784179688, -0.04589039087295532, 0.2848934531211853, 0.5922389626502991, -4.888272762298584, 17.115732192993164, 35.31421661376953, 90.05005645751953, -9.852875709533691, -877.2005004882812, 
151, 579864830, 166.9280242919922, 68.80744934082031, -69.50370788574219, -0.4371364116668701, 0.21200668811798096, -0.16335320472717285, -24.68482208251953, 5.843731880187988, -18.573345184326172, 1350.2723388671875, 1762.568359375, -1144.151611328125, 
152, 579881497, -141.98486328125, 32.051788330078125, -46.142765045166016, -0.4836806654930115, 0.44539785385131836, 0.15932703018188477, -35.290283203125, 21.637134552001953, -7.133753776550293, 1986.154296875, 2006.1197509765625, -1357.24609375, 
153, 579898164, -111.92559051513672, -3.629859209060669, -45.93043899536133, -0.3379771113395691, 0.6170511841773987, 0.1485118269920349, -30.057044982910156, 32.17685317993164, -6.918408393859863, 1946.5167236328125, 1595.9227294921875, -1691.0574951171875, 
154, 579914831, -81.77404022216797, -31.60166358947754, -39.4112434387207, -0.1116189956665039, 0.6693785786628723, 0.04314696788787842, -17.549148559570312, 36.9240608215332, -9.090263366699219, 1935.8125, 313.3799743652344, -1885.6358642578125, 
155, 579931498, -59.679290771484375, -62.357093811035156, -20.178691864013672, 0.09470504522323608, 0.5552869439125061, -0.04631829261779785, -4.324225902557373, 32.230167388916016, -12.639293670654297, 1938.2667236328125, -1085.8978271484375, -1847.355712890625, 
156, 579948165, 175.57334899902344, -78.97901916503906, 145.0144805908203, 0.14622873067855835, 0.3721088767051697, -0.0858687162399292, 1.2912651300430298, 21.46917724609375, -13.504339218139648, 1979.524169921875, -1966.8511962890625, -1571.533203125, 
157, 579964832, 176.3262176513672, -47.736385345458984, -179.54205322265625, 0.021595299243927002, 0.5635667443275452, -0.6143132448196411, -14.339380264282227, 22.99895668029785, -43.668128967285156, 1762.1812744140625, -1886.8453369140625, -1049.442626953125, 
158, 579981499, 179.96543884277344, -14.983171463012695, -150.57394409179688, -0.27083420753479004, 0.9376043677330017, -0.42302948236465454, -36.25300216674805, 46.093257904052734, -28.412817001342773, 1166.5357666015625, -1802.221435546875, -1656.10205078125, 
159, 579998166, 153.7366943359375, 24.458328247070312, -125.64688873291016, -0.3627830147743225, 1.1699047088623047, -0.8832864165306091, -56.05908203125, 70.74642181396484, -26.475479125976562, -1627.284912109375, -1912.430908203125, -2064.24462890625, 
160, 580014833, 137.3057098388672, 62.78071594238281, -103.3362045288086, 0.20887112617492676, 1.4429941177368164, -0.6881159543991089, -22.173458099365234, 96.14470672607422, -16.464488983154297, -1873.958740234375, -1329.3206787109375, -2107.809326171875, 
161, 580031500, 173.35693359375, 49.013214111328125, -24.17011070251465, 0.45516061782836914, 0.712763249874115, -0.38907259702682495, 17.121196746826172, 54.999481201171875, -3.9527435302734375, -1925.636474609375, 1662.8707275390625, -2060.87060546875, 
162, 580048167, 178.6025390625, 18.76344108581543, 21.135507583618164, -0.26492512226104736, 0.253418505191803, -0.02094036340713501, -19.590267181396484, 10.2056884765625, -3.510897159576416, -1237.96435546875, 1865.7156982421875, -2108.034423828125, 
163, 580064834, -154.71360778808594, -19.78681182861328, 49.230812072753906, -0.9334101676940918, 0.7625872492790222, 0.3320655822753906, -71.68437194824219, 29.29261016845703, -6.353231430053711, 1497.8455810546875, 1894.9327392578125, -2080.977783203125, 
164, 580081501, -118.42601776123047, -62.50936508178711, 50.90243148803711, -0.6803968548774719, 1.1995198726654053, 0.35924434661865234, -61.04450225830078, 63.144744873046875, -12.859638214111328, 2034.7015380859375, 1898.8035888671875, -1682.5103759765625, 
165, 580098168, 150.3251190185547, -83.42070007324219, 154.35557556152344, -0.16143566370010376, 0.2583933472633362, 0.03700357675552368, -13.517657279968262, 12.835308074951172, 0.3467665910720825, 637.2437744140625, 315.4753723144531, -1752.6478271484375, 
166, 580114835, 102.91435241699219, -55.7449951171875, -146.9063262939453, -0.056723713874816895, 0.182364821434021, 0.0091475248336792, -6.284059524536133, 9.772948265075684, -0.3104274868965149, 525.2984619140625, 71.57839965820312, -1858.42431640625, 
167, 580131502, 106.5076675415039, -24.65688705444336, -139.61094665527344, -0.04942673444747925, 0.18462461233139038, 0.0026293396949768066, -5.890112400054932, 9.998821258544922, -0.5205708742141724, 486.1222229003906, -149.29928588867188, -1858.5220947265625, 
168, 580148169, 112.3059310913086, 7.588448524475098, -134.12498474121094, -0.04198777675628662, 0.18443095684051514, -0.0037102103233337402, -5.457010746002197, 10.09616756439209, -0.6340393424034119, 372.5247802734375, -342.7927551269531, -1852.252197265625, 
169, 580164836, 119.02110290527344, 40.654903411865234, -125.93632507324219, -0.037409305572509766, 0.18353420495986938, -0.010890722274780273, -5.191156387329102, 10.119706153869629, -0.7435764074325562, 200.5830078125, -476.1889343261719, -1843.9534912109375, 
170, 580181503, 139.82534790039062, 71.97521209716797, -101.21076202392578, -0.03358715772628784, 0.18423104286193848, -0.016515254974365234, -4.995284557342529, 10.243744850158691, -0.7479956746101379, -5.805139064788818, -530.1027221679688, -1838.7354736328125, 
171, 580198170, -106.61116790771484, 70.64254760742188, 19.1793155670166, -0.02874469757080078, 0.1854938268661499, -0.021907150745391846, -4.749256134033203, 10.427970886230469, -0.775310218334198, -212.380126953125, -498.3489074707031, -1839.994873046875, 
172, 580214837, -94.41368865966797, 40.039268493652344, 26.672229766845703, -0.024695217609405518, -0.10000491142272949, -0.16347014904022217, 0.4097142517566681, -6.708521842956543, -9.519454956054688, 327.3631591796875, 88.15092468261719, -1929.358154296875, 
173, 580231504, -88.861328125, 6.620220184326172, 13.102336883544922, 0.051523566246032715, 0.3499607443809509, 0.1493714451789856, -4.105563163757324, 21.997589111328125, 7.004598617553711, 650.4029541015625, 812.9403686523438, -1975.8065185546875, 
174, 580248171, -71.98271179199219, -24.52423095703125, -3.79927396774292, -0.12823998928070068, 0.2775227427482605, 0.03825736045837402, -12.502179145812988, 14.067137718200684, -0.5624909400939941, 824.1142578125, 688.2094116210938, -2008.6683349609375, 
175, 580264838, -61.719993591308594, -45.074302673339844, -10.986198425292969, -0.20837926864624023, 0.2529236674308777, 0.12095040082931519, -15.024598121643066, 13.069991111755371, 6.809698581695557, 341.2917175292969, -140.76153564453125, -1262.234130859375, 
176, 580281505, -57.3336181640625, -61.93832015991211, -14.614081382751465, -0.0133628249168396, 0.04949069023132324, -0.011149048805236816, -1.2298643589019775, 2.8382182121276855, -0.6377567052841187, 53.55812072753906, -392.36480712890625, -915.3836059570312, 
177, 580298172, -66.34512329101562, -78.16295623779297, -9.47115421295166, -0.12868696451187134, 0.21631062030792236, 0.10431104898452759, -8.656343460083008, 11.814245223999023, 7.338101387023926, -234.10533142089844, -554.90576171875, -801.1927490234375, 
178, 580314839, 149.90310668945312, -82.3244857788086, 125.78651428222656, -0.1330367922782898, 0.1473071575164795, 0.0874975323677063, -8.41112995147705, 7.421662330627441, 6.708411693572998, -543.7711181640625, -670.3103637695312, -810.9315185546875, 
179, 580331506, 122.15824890136719, -61.02025604248047, 136.37794494628906, -0.03868746757507324, 0.11874896287918091, -0.049400389194488525, -3.593076229095459, 7.125281810760498, -1.5660183429718018, -1015.7447509765625, -843.8004150390625, -923.8480224609375, 
180, 580348173, 129.25039672851562, -34.74645233154297, 118.62515258789062, -0.11937618255615234, -0.17953723669052124, -0.18757206201553345, -8.518717765808105, -11.13231086730957, -9.936650276184082, -286.71807861328125, -1591.1475830078125, -730.3119506835938, 
181, 580364840, 144.99302673339844, -28.72442626953125, 123.90064239501953, -0.26360630989074707, -0.09650146961212158, 0.1094096302986145, -15.369039535522461, -5.685157775878906, 7.662140369415283, 1110.5159912109375, -72.1516342163086, -445.35638427734375, 
182, 580381507, 133.85462951660156, -17.287734985351562, 125.46650695800781, 0.004913806915283203, 0.046614885330200195, 0.032274723052978516, 0.22787556052207947, 2.638991355895996, 2.160895347595215, -605.4498901367188, -444.97735595703125, -493.5202941894531, 
183, 580398174, 117.51380157470703, -18.19891929626465, 139.31382751464844, 0.0759006142616272, -0.02455228567123413, -0.03065311908721924, 4.804108619689941, -1.0442122220993042, -1.4974781274795532, -673.0411987304688, 698.3558959960938, -383.85162353515625, 
184, 580414841, 128.26443481445312, -14.073150634765625, 145.22596740722656, -0.12031912803649902, -0.13972800970077515, -0.05748641490936279, -6.653305530548096, -9.128250122070312, -2.681581974029541, 744.60009765625, 164.865966796875, -388.8258056640625, 
185, 580431508, 120.20142364501953, -6.788163661956787, 148.47462463378906, -0.14024734497070312, -0.10879349708557129, 0.08349090814590454, -7.890439510345459, -7.453348159790039, 4.596884727478027, -489.0343933105469, -61.930931091308594, -482.5277404785156, 
186, 580448175, 124.1219711303711, -5.181252956390381, 157.4909210205078, -0.06703835725784302, -0.02947831153869629, 0.03366726636886597, -4.057679176330566, -1.899996042251587, 1.825080156326294, 270.4420471191406, 453.3911437988281, -354.68963623046875, 
187, 580464842, 128.72671508789062, 3.69562029838562, 158.91810607910156, -0.08052963018417358, 0.01360476016998291, 0.06503033638000488, -4.774118900299072, 0.6485233902931213, 4.004528999328613, 263.9228515625, -188.43804931640625, -455.32855224609375, 
188, 580481509, 127.2386245727539, 14.250714302062988, 159.7138671875, -0.02877938747406006, -0.11104047298431396, 0.2593194246292114, -0.6251835823059082, -6.957090377807617, 15.527009010314941, -87.90141296386719, -276.12652587890625, -484.3689880371094, 
189, 580498176, 129.1742706298828, 22.3075008392334, 165.0908660888672, -0.026276767253875732, 0.01722586154937744, 0.08626741170883179, -1.6710747480392456, 0.9546385407447815, 5.161921977996826, 53.44465255737305, 26.427900314331055, -508.96954345703125, 
190, 580514843, 134.27798461914062, 29.847322463989258, 170.76901245117188, 0.015640437602996826, -0.07610982656478882, 0.1588517427444458, 1.2343149185180664, -4.222708225250244, 9.658734321594238, 194.2652587890625, 12.902280807495117, -484.4378356933594, 
191, 580531510, 135.5157012939453, 36.74365997314453, 177.27926635742188, -0.018228590488433838, 0.02521592378616333, 0.0982593297958374, -1.2204341888427734, 1.34189772605896, 5.913241386413574, -108.39138793945312, 31.257261276245117, -471.4832763671875, 
192, 580548177, 139.5529327392578, 45.31370162963867, -176.86578369140625, 0.00797039270401001, -0.05442607402801514, 0.2013101577758789, 0.903342604637146, -3.146156072616577, 12.088421821594238, 42.49920654296875, -109.73896026611328, -494.55340576171875, 
193, 580564844, 141.7371368408203, 52.20223617553711, -168.52964782714844, -0.03874915838241577, -0.04690241813659668, 0.23318332433700562, -2.108893394470215, -3.3894238471984863, 13.901707649230957, -208.82765197753906, -7.135672092437744, -460.6493835449219, 
194, 580581511, 152.84310913085938, 59.08061981201172, -156.90365600585938, -0.015872955322265625, -0.022175490856170654, -0.01308596134185791, -0.8564982414245605, -1.409123182296753, -0.761425256729126, 118.67384338378906, -2.129178047180176, -486.72283935546875, 
195, 580598178, 163.045166015625, 63.33021926879883, -143.12823486328125, 0.027360618114471436, -0.022451162338256836, 0.18772131204605103, 1.6969513893127441, -1.4229488372802734, 11.245640754699707, -107.00410461425781, 16.36130142211914, -411.38037109375, 
196, 580614845, -178.12936401367188, 66.67388916015625, -125.09916687011719, 0.03958022594451904, -0.01863241195678711, 0.24504351615905762, 2.4892072677612305, -0.6460533738136292, 14.714366912841797, 150.35667419433594, -25.550939559936523, -427.49749755859375, 
197, 580631512, -163.52732849121094, 66.3153076171875, -106.62332153320312, 0.03314208984375, -0.00793081521987915, 0.19378525018692017, 1.8856617212295532, -0.6093448996543884, 11.638187408447266, -144.2764434814453, 78.16866302490234, -389.1673583984375, 
198, 580648179, -143.84429931640625, 64.98995208740234, -86.7857894897461, 0.011518001556396484, -0.02394348382949829, 0.1622292399406433, 0.7992546558380127, -1.2767646312713623, 9.748184204101562, 80.99423217773438, -15.875495910644531, -425.7189636230469, 
199, 580664846, -130.75990295410156, 61.21217727661133, -71.67630004882812, 0.047883570194244385, 0.0024805665016174316, 0.14834439754486084, 2.840447425842285, 0.25609785318374634, 8.908714294433594, -48.62647247314453, 16.619321823120117, -408.836181640625, 
200, 580681513, -117.88189697265625, 55.009002685546875, -60.88309097290039, 0.031698763370513916, -0.014047741889953613, 0.11959463357925415, 1.9019126892089844, -0.5227652788162231, 7.208317756652832, 183.6326904296875, 47.35964584350586, -462.54876708984375, 
201, 580698180, -113.53119659423828, 49.44666290283203, -53.39504623413086, 0.0786944031715393, 0.03247171640396118, 0.21469295024871826, 4.601741313934326, 1.943389654159546, 12.925555229187012, -143.11306762695312, 5.432436943054199, -387.065185546875, 
202, 580714847, -105.21971130371094, 43.90945816040039, -46.16770553588867, 0.052957892417907715, 0.0009612441062927246, 0.185744047164917, 3.271092176437378, 0.42978182435035706, 11.111349105834961, 120.28392028808594, -64.02655029296875, -379.6709899902344, 
203, 580731514, -103.0627670288086, 37.46653366088867, -43.004642486572266, 0.025301635265350342, -0.004706680774688721, 0.10366564989089966, 1.482787013053894, -0.2604638934135437, 6.2293243408203125, -67.5461196899414, 55.724273681640625, -379.1185302734375, 
204, 580748181, -99.42035675048828, 31.03975486755371, -39.200355529785156, 0.041946232318878174, 0.023370325565338135, 0.15567368268966675, 2.4684863090515137, 1.5593172311782837, 9.32867431640625, 12.147496223449707, -24.704971313476562, -386.50146484375, 
205, 580764848, -97.28933715820312, 24.73139762878418, -37.077388763427734, 0.050002872943878174, 0.046356379985809326, 0.1854901909828186, 2.8200695514678955, 2.910771369934082, 11.143895149230957, -16.32756805419922, 18.692546844482422, -364.4394836425781, 
206, 580781515, -94.56163787841797, 19.119304656982422, -34.609649658203125, 0.05693131685256958, 0.03945738077163696, 0.17464834451675415, 3.3532729148864746, 2.5524494647979736, 10.456039428710938, 16.39251136779785, -34.13399124145508, -324.1115417480469, 
207, 580798182, -93.04619598388672, 13.16161823272705, -33.52766799926758, 0.04416370391845703, 0.039345502853393555, 0.1717013716697693, 2.5029947757720947, 2.450927495956421, 10.317980766296387, -24.539146423339844, 20.001964569091797, -335.7466735839844, 
208, 580814849, -92.05670928955078, 6.303277492523193, -33.257423400878906, -0.032529592514038086, 0.024813711643218994, 0.141973078250885, -2.0940749645233154, 1.3191100358963013, 8.513337135314941, -45.78268814086914, 49.56440353393555, -388.3072509765625, 
209, 580831516, -88.51412200927734, -0.8668591976165771, -31.841629028320312, -0.03320872783660889, 0.048202693462371826, 0.17080903053283691, -2.098297357559204, 2.9264774322509766, 10.217630386352539, 105.16609191894531, -46.52135467529297, -414.4853210449219, 
210, 580848183, -87.70272064208984, -7.685837745666504, -32.446006774902344, 0.033396363258361816, 0.05723893642425537, 0.1788765788078308, 1.7266294956207275, 3.451910972595215, 10.776019096374512, -59.853515625, 49.181793212890625, -399.970458984375, 
211, 580864850, -84.79322814941406, -14.64726734161377, -33.337432861328125, 0.01523125171661377, 0.05378371477127075, 0.1618916392326355, 0.6655789017677307, 3.3557181358337402, 9.691184043884277, 56.015586853027344, 37.48262023925781, -410.56768798828125, 
212, 580881517, -82.52998352050781, -21.785144805908203, -33.743595123291016, 0.022339224815368652, 0.049455344676971436, 0.16938447952270508, 1.1921964883804321, 3.0766408443450928, 10.149349212646484, 20.717025756835938, -23.75837516784668, -419.270751953125, 
213, 580898184, -80.72599792480469, -28.502180099487305, -34.41415786743164, 0.015353560447692871, 0.05298721790313721, 0.14336246252059937, 0.786522388458252, 3.213576555252075, 8.602535247802734, -12.547174453735352, -38.17395782470703, -393.01177978515625, 
214, 580914851, -77.92108154296875, -35.225093841552734, -36.032737731933594, 0.004719853401184082, 0.07253873348236084, 0.18590182065963745, 0.05909300595521927, 4.393024921417236, 11.142105102539062, 17.66217803955078, -18.478511810302734, -399.964111328125, 
215, 580931518, -74.58529663085938, -41.91400909423828, -39.17686462402344, 0.0000010728836059570312, 0.060607850551605225, 0.15886175632476807, -0.23385503888130188, 3.612912893295288, 9.538541793823242, -13.556953430175781, 11.524600982666016, -412.7693786621094, 
216, 580948185, -70.24722290039062, -48.383846282958984, -43.41279983520508, -0.003210604190826416, 0.06067126989364624, 0.18319475650787354, -0.41972556710243225, 3.610887289047241, 10.995604515075684, -8.265742301940918, 5.829929351806641, -412.2494201660156, 
217, 580964852, -64.37781524658203, -54.63271713256836, -49.06629943847656, -0.004895031452178955, 0.0627027153968811, 0.17698657512664795, -0.510650634765625, 3.7454991340637207, 10.617372512817383, 3.594942808151245, -6.676998138427734, -415.78826904296875, 
218, 580981519, -55.745479583740234, -60.27756881713867, -57.91714859008789, -0.011243999004364014, 0.060525476932525635, 0.1691570281982422, -0.9150647521018982, 3.580108404159546, 10.149625778198242, -3.280667304992676, 12.019979476928711, -423.42681884765625, 
219, 580998186, -43.65244674682617, -65.14152526855469, -70.36315155029297, -0.020965754985809326, 0.04658585786819458, 0.1570764183998108, -1.4302046298980713, 2.7085955142974854, 9.425741195678711, -2.904846429824829, -0.9154981970787048, -431.13311767578125, 
220, 581014853, -26.40444564819336, -68.33055114746094, -87.87305450439453, -0.042418599128723145, 0.07734203338623047, 0.1659773588180542, -2.8407626152038574, 4.495471954345703, 9.946786880493164, 15.807467460632324, 2.8455686569213867, -436.3550109863281, 
221, 581031520, -7.505967140197754, -68.86814880371094, -107.92129516601562, -0.022930622100830078, 0.058675944805145264, 0.17475146055221558, -1.6052711009979248, 3.3886759281158447, 10.496797561645508, -28.809717178344727, 12.567967414855957, -415.686279296875, 
222, 581048187, 10.262277603149414, -66.7696762084961, -126.18109130859375, -0.03139740228652954, 0.04715609550476074, 0.1691378951072693, -2.0880613327026367, 2.743223190307617, 10.132534980773926, 19.362918853759766, 26.922460556030273, -403.73773193359375, 
223, 581064854, 23.835769653320312, -63.27705764770508, -140.55592346191406, -0.03818070888519287, 0.03733104467391968, 0.15811294317245483, -2.422802686691284, 2.1216115951538086, 9.48151683807373, 12.041109085083008, 3.58000111579895, -396.8777770996094, 
224, 581081521, 32.92693328857422, -58.595455169677734, -150.8806610107422, -0.035436809062957764, 0.04243302345275879, 0.17344921827316284, -2.2895877361297607, 2.4143922328948975, 10.40412712097168, -5.875925540924072, 14.993484497070312, -386.5456848144531, 
225, 581098188, 38.62995910644531, -54.13258361816406, -157.81729125976562, -0.039240121841430664, 0.02849656343460083, 0.1626604199409485, -2.42791485786438, 1.58811354637146, 9.762307167053223, -4.5796990394592285, -5.097867012023926, -332.69744873046875, 
226, 581114855, 42.443546295166016, -49.95294952392578, -162.95266723632812, 0.0020136237144470215, 0.012227118015289307, 0.17238521575927734, 0.1153167188167572, 0.7300803065299988, 10.343218803405762, -5.760848522186279, -17.358551025390625, -296.7288818359375, 
227, 581131522, 45.15821075439453, -46.14767837524414, -166.4529266357422, 0.014307796955108643, 0.002468585968017578, 0.16070324182510376, 0.8719789981842041, 0.2094610184431076, 9.639719009399414, 21.26692008972168, -14.035965919494629, -251.10340881347656, 
228, 581148189, 45.74693298339844, -42.39887619018555, -168.09371948242188, 0.014497518539428711, 0.010934531688690186, 0.16707682609558105, 0.8063247203826904, 0.6616240739822388, 10.029419898986816, -13.382341384887695, 30.214223861694336, -203.18133544921875, 
229, 581164856, 46.408721923828125, -39.023597717285156, -169.39859008789062, -0.0016691088676452637, 0.0019379258155822754, 0.1693440079689026, -0.13894186913967133, 0.13161759078502655, 10.159825325012207, 12.408651351928711, 24.077360153198242, -182.0373077392578, 
230, 581181523, 46.60894775390625, -36.30430221557617, -170.76182556152344, -0.0022238492965698242, 0.006415963172912598, 0.16832947731018066, -0.13486865162849426, 0.3659336268901825, 10.100260734558105, -10.83358383178711, -4.988765716552734, -159.23582458496094, 
231, 581198190, 47.06426239013672, -34.15254592895508, -172.18527221679688, 0.010027766227722168, 0.0025957226753234863, 0.1636541485786438, 0.6404995918273926, 0.1794392615556717, 9.816226959228516, 7.864963054656982, -29.525894165039062, -139.4639434814453, 
232, 581214857, 46.68142318725586, -32.149600982666016, -172.49563598632812, 0.011951565742492676, 0.010696709156036377, 0.17123663425445557, 0.6972585916519165, 0.6495153307914734, 10.274880409240723, -1.5597889423370361, 7.159674644470215, -97.31212615966797, 
233, 581231524, 45.97807693481445, -30.675540924072266, -172.22837829589844, 0.005031406879425049, 0.0015011429786682129, 0.16583305597305298, 0.2868465781211853, 0.090189628303051, 9.95023250579834, -1.5457429885864258, 9.893901824951172, -54.653465270996094, 
234, 581248191, 45.27251052856445, -29.86290168762207, -171.7022247314453, 0.011857986450195312, 0.006656348705291748, 0.16745078563690186, 0.7179778218269348, 0.4100668132305145, 10.045953750610352, 6.138827323913574, -5.133918285369873, -16.737253189086914, 
235, 581264858, 44.19044494628906, -29.254283905029297, -170.67420959472656, 0.0014960765838623047, 0.0017756223678588867, 0.16726922988891602, 0.0796935111284256, 0.1029798611998558, 10.036077499389648, -2.338261604309082, 6.9928412437438965, 10.623917579650879, 
236, 581281525, 43.300689697265625, -28.64162254333496, -169.85842895507812, 0.0012934207916259766, 0.001467287540435791, 0.16711503267288208, 0.07611802220344543, 0.09078653156757355, 10.026689529418945, 1.9735292196273804, 1.080337405204773, 3.0821239948272705, 
237, 581298192, 42.43608474731445, -28.005474090576172, -169.0769500732422, 0.001908719539642334, 0.0017786622047424316, 0.16714876890182495, 0.11074613779783249, 0.10911329090595245, 10.028742790222168, 1.6647807359695435, 2.6136417388916016, 1.3110822439193726, 
238, 581314859, 41.59202575683594, -27.382320404052734, -168.31845092773438, 0.002303898334503174, 0.0021467208862304688, 0.1673140525817871, 0.13430942595005035, 0.13068509101867676, 10.038671493530273, 1.3664695024490356, 2.822525978088379, 1.3906608819961548, 
239, 581331526, 40.782249450683594, -26.777185440063477, -167.59385681152344, 0.0021262168884277344, 0.0022805333137512207, 0.1678127646446228, 0.12393887341022491, 0.13937999308109283, 10.068574905395508, 1.7645419836044312, 2.506747007369995, 1.381568193435669, 
240, 581348193, 39.9942741394043, -26.18437957763672, -166.89361572265625, 0.001994907855987549, 0.002064526081085205, 0.16742753982543945, 0.11593186110258102, 0.12621992826461792, 10.045467376708984, 1.6298704147338867, 2.597966432571411, 1.3770986795425415, 
241, 581364860, 39.22929000854492, -25.60535430908203, -166.22015380859375, 0.0020661354064941406, 0.002061903476715088, 0.16716933250427246, 0.12020457535982132, 0.12606404721736908, 10.029975891113281, 1.6082019805908203, 2.5611352920532227, 1.4050037860870361, 
242, 581381527, 38.48551940917969, -25.038969039916992, -165.56704711914062, 0.0022359490394592285, 0.001896679401397705, 0.16744756698608398, 0.13042046129703522, 0.11603964120149612, 10.04667854309082, 1.5792982578277588, 2.615933656692505, 1.458444595336914, 
243, 581398194, 37.764888763427734, -24.484630584716797, -164.9392852783203, 0.002123713493347168, 0.0021873116493225098, 0.1675015687942505, 0.12377551943063736, 0.13357289135456085, 10.049907684326172, 1.6768699884414673, 2.6063547134399414, 1.4454463720321655, 
244, 581414861, 37.0648193359375, -23.94171714782715, -164.3360137939453, 0.0023337602615356445, 0.0018476247787475586, 0.1673220992088318, 0.13632279634475708, 0.11321824043989182, 10.03915023803711, 1.6741163730621338, 2.607046127319336, 1.3880738019943237, 
245, 581431528, 36.38311004638672, -23.412153244018555, -163.7512969970703, 0.0022563934326171875, 0.0021086931228637695, 0.16707897186279297, 0.13165366649627686, 0.12889747321605682, 10.024557113647461, 1.6097644567489624, 2.5105886459350586, 1.4467908143997192, 
246, 581448195, 35.719844818115234, -22.892837524414062, -163.1879425048828, 0.0022292137145996094, 0.0019695162773132324, 0.1675623059272766, 0.129984050989151, 0.12050475925207138, 10.053560256958008, 1.5975087881088257, 2.5618011951446533, 1.4218825101852417, 
247, 581464862, 35.07511520385742, -22.384103775024414, -162.6470947265625, 0.0019815564155578613, 0.0020006895065307617, 0.1671932339668274, 0.11519579589366913, 0.12240047752857208, 10.031407356262207, 1.6492208242416382, 2.571943759918213, 1.425980567932129, 
248, 581481529, 34.447296142578125, -21.885684967041016, -162.12420654296875, 0.002306818962097168, 0.0020447969436645508, 0.16723871231079102, 0.13463319838047028, 0.125072181224823, 10.034144401550293, 1.6212902069091797, 2.55045485496521, 1.3820291757583618, 
249, 581498196, 33.837432861328125, -21.398033142089844, -161.6198272705078, 0.0020781755447387695, 0.0019312500953674316, 0.1674399971961975, 0.12098164111375809, 0.11836781352758408, 10.046216011047363, 1.6938124895095825, 2.506772518157959, 1.3833609819412231, 
250, 581514863, 33.2413215637207, -20.919469833374023, -161.13427734375, 0.002036452293395996, 0.002146780490875244, 0.1672828197479248, 0.11841261386871338, 0.1311565637588501, 10.036784172058105, 1.608778476715088, 2.5707147121429443, 1.3919543027877808, 
251, 581531530, 32.66123580932617, -20.45122528076172, -160.6652374267578, 0.002232789993286133, 0.0018416643142700195, 0.1672859787940979, 0.13024331629276276, 0.11291344463825226, 10.036982536315918, 1.6476585865020752, 2.524406671524048, 1.4158380031585693, 
252, 581548197, 32.09596252441406, -19.992311477661133, -160.21438598632812, 0.0021125078201293945, 0.002125084400177002, 0.16699111461639404, 0.12339694052934647, 0.12971030175685883, 10.019281387329102, 1.6313434839248657, 2.467559576034546, 1.3264755010604858, 
253, 581564864, 31.544355392456055, -19.542490005493164, -159.77662658691406, 0.0021050572395324707, 0.0022304654121398926, 0.16750800609588623, 0.122594453394413, 0.1362367868423462, 10.05029296875, 1.652307152748108, 2.5312325954437256, 1.4244310855865479, 
254, 581581531, 31.006221771240234, -19.10153579711914, -159.3564910888672, 0.002280890941619873, 0.002091348171234131, 0.16728442907333374, 0.13319900631904602, 0.1278412938117981, 10.036884307861328, 1.6618990898132324, 2.5565123558044434, 1.4619280099868774, 
255, 581598198, 30.479951858520508, -18.668243408203125, -158.94886779785156, 0.0022310614585876465, 0.0020654797554016113, 0.16737353801727295, 0.13017313182353973, 0.12617652118206024, 10.042232513427734, 1.6102511882781982, 2.6252694129943848, 1.467050552368164, 
256, 581614865, 29.967233657836914, -18.24495506286621, -158.5554962158203, 0.002187490463256836, 0.0019442439079284668, 0.1674908995628357, 0.12753629684448242, 0.11908476799726486, 10.049272537231445, 1.6463137865066528, 2.5000617504119873, 1.4364560842514038, 
257, 581631532, 29.464900970458984, -17.82929801940918, -158.17703247070312, 0.002240478992462158, 0.001817464828491211, 0.1674376130104065, 0.13072305917739868, 0.11130846291780472, 10.046080589294434, 1.581833839416504, 2.5728530883789062, 1.4989129304885864, 
258, 581648199, 28.975215911865234, -17.420360565185547, -157.8103790283203, 0.001960933208465576, 0.002081573009490967, 0.167202889919281, 0.11393462121486664, 0.12719881534576416, 10.031987190246582, 1.62651526927948, 2.613654136657715, 1.4147109985351562, 
259, 581664866, 28.496057510375977, -17.020109176635742, -157.45883178710938, 0.0020519495010375977, 0.0019033551216125488, 0.16772764921188354, 0.11934515833854675, 0.11651884764432907, 10.0634765625, 1.5840109586715698, 2.5622365474700928, 1.437672734260559, 
260, 581681533, 28.029024124145508, -16.62803077697754, -157.11834716796875, 0.0022544264793395996, 0.0022909045219421387, 0.16697311401367188, 0.1315096765756607, 0.13991594314575195, 10.018203735351562, 1.638271450996399, 2.4858083724975586, 1.3890854120254517, 
